sha256	bytes	path
b9524658b52a99a20590f8feefc103088637fd13ea8ec35811aee785e1f2f330	6353	Audio/footstep_carpet_000.ogg
9af3c3f76705107339e72036e4053bdca3eaa50ad31c8c929f42ce8d40e5d781	6411	Audio/footstep_carpet_001.ogg
9af3c3f76705107339e72036e4053bdca3eaa50ad31c8c929f42ce8d40e5d781	6411	Audio/footstep_carpet_002.ogg
4ae7454338d57c7d102145919ae653c7d010eb542797c4f25a1c7470be3a7e4c	6301	Audio/footstep_carpet_003.ogg
4ae7454338d57c7d102145919ae653c7d010eb542797c4f25a1c7470be3a7e4c	6301	Audio/footstep_carpet_004.ogg
d7267e183067757c92c169de2a379abea592cfca6b39bb2e8feea15221ad79fe	5808	Audio/footstep_concrete_000.ogg
507a75eb19b897087855a3be3cf11a12d7fa37d143ad535eeebe0b8031c7325d	6308	Audio/footstep_concrete_001.ogg
b21fa546d74941196b25da8a20b7010abd8c05c4fcf93545d1f344e66a664e13	6255	Audio/footstep_concrete_002.ogg
8b513c2f0316324060b9174b8f28df6c2147418c506e6a53b77f18e149a5547b	5805	Audio/footstep_concrete_003.ogg
24dd8db2413e5b81ad181e1205c12a1c7801da5f85715d471b92a4b2f632e45e	5912	Audio/footstep_concrete_004.ogg
9d49497777405d78d7cf7f2888e28277f3a23192300cfd1d79d54876b20f479f	8290	Audio/footstep_grass_000.ogg
fb28781bd22b2eefdc14077f1adf5c94d7fe9c3a130194633b55f3e0d39d9f04	8313	Audio/footstep_grass_001.ogg
73a520139f5be716a403bfe9c80e0e94d1e61d8e9de04a354b336392164b53dc	8278	Audio/footstep_grass_002.ogg
0546e1d8ab2def714425701a18bd34c5ee2794b12e858e5b595aabcf38a34137	8129	Audio/footstep_grass_003.ogg
086fd4ab3546a507ea5f5c759a9a10e535c95ade13705c238bc0eeffd7d4e8ba	7800	Audio/footstep_grass_004.ogg
c05fa4a9dc9a7aabc04996466fb589537e49af76de9998d8f9e6270ec92dcef7	7880	Audio/footstep_snow_000.ogg
980fb9a1c9227aed7995067b0357f373053337f2416316db8ea0438418542fb4	7794	Audio/footstep_snow_001.ogg
db52bafdc66304f3b999f2c29227826c65993916e630ac2ffbca17d07b263178	7694	Audio/footstep_snow_002.ogg
68272e3f1cabcabd02d328fd344454d7c04cb58b5a86972fcdd858f845e3d007	7860	Audio/footstep_snow_003.ogg
7fe9ce5f5732aaa0a50ef02bb1ac162c27f6bd85214e86aaea6e13e7a41dbc00	7630	Audio/footstep_snow_004.ogg
5f1c252942a220d658121bd9417448cd19649ded9fff2ff15f6e50899373ce8e	5949	Audio/footstep_wood_000.ogg
e4f68e1c9fd55b4dc8ca89ed2bbab6f200171bc54bdc18aa96b80d8e7336f462	5929	Audio/footstep_wood_001.ogg
9ff095b05cee5eec40b081defe3f0eef7232bb16d4865ce03b9f6dbab875cfdd	5895	Audio/footstep_wood_002.ogg
2a68a083daa9eda08fed0ea5da5280dfbe0de226196c576be02f95259dd139d9	6207	Audio/footstep_wood_003.ogg
b33e0854e2b3f6b6492e25c25ef8f90447a332f7c6bb25dd02edced9581d3441	5799	Audio/footstep_wood_004.ogg
94b8bb5f2d43ab65e4bcc32b28562416e9bc2c51d9fd4be1e333660ee52f977f	13915	Audio/impactBell_heavy_000.ogg
9df61e3ae9a83dc65e5a1fd3ed19d480876f3b22b963a1b9ef6fa293592dcec4	15577	Audio/impactBell_heavy_001.ogg
a4171ed1a4a17fb858a38de1c59b5b42e50d8f046c525706c0e3ac8671f189f5	9252	Audio/impactBell_heavy_002.ogg
5572ccdeb3b62373b86fa955355b3a222c36e815f0636ba16165189a21cf2514	9429	Audio/impactBell_heavy_003.ogg
49fe4fafa2001bd0d312976796824571ca8429851f285997e1327d17bb34fd00	6529	Audio/impactBell_heavy_004.ogg
f0e982611e97512fee5f777986b67e8b435434b601f94992ec044f7e89fb5acb	5827	Audio/impactGeneric_light_000.ogg
c3cd1c073d186ae8fa35788ba94de581f1826e7427a7bb26490b2695fac18efa	5636	Audio/impactGeneric_light_001.ogg
d0bf60905b59ff630ffe01eb0edeeacd2504eaa8fb6523aeef7d2458b78264d3	5795	Audio/impactGeneric_light_002.ogg
0e8896706130f6bc88cdf1f0157aaacdbe88dce86cf0330f9136e44eb1209e81	5792	Audio/impactGeneric_light_003.ogg
f906fa3a37acc4372787b496efcedefa2856045d5ec9456a3bd6c303c0eabb41	5747	Audio/impactGeneric_light_004.ogg
b44b39a940e8948e74b9bd3776bff980df43cf220abdaf0d467dc4c43c0244a5	7403	Audio/impactGlass_heavy_000.ogg
58686e0e562612cc566791844a10e269f8d1921f4766c14ba43976fd0a429f4e	8946	Audio/impactGlass_heavy_001.ogg
4978654ac840ad519692d5d5ba48a8101cabce13b9a577be73ad589185e5e9ed	7661	Audio/impactGlass_heavy_002.ogg
aed07b154f24410c17e5262bbef832842fb275d41fe297f721af7501d0e9c23a	6956	Audio/impactGlass_heavy_003.ogg
c7742b0e33c1733ddaf902aa68464a4f5364e4d4cb6ff11b76a7aa4151a138dd	8300	Audio/impactGlass_heavy_004.ogg
d750cf88097d0c3e69920e6e14496e1444e1a9da01aa4cca8f5ec8cb44c57b4f	6526	Audio/impactGlass_light_000.ogg
05e513fbd42829060eb37855f8c3866722ec5c39a8937c9bfde518cc609effa2	6544	Audio/impactGlass_light_001.ogg
710db7451bb7857b9140dfe6afe4621ea2188ad65eda3919c569d1bb285b933d	6562	Audio/impactGlass_light_002.ogg
765290ce32fa108c939a0dbd6fbacbcd05abde622b57b708eb8a64058ef4225a	6618	Audio/impactGlass_light_003.ogg
f535b7cb7835400d8d28bcf9e1cf047ce3c0eb7a6456bdb1a4a27acbec1ed2cb	6641	Audio/impactGlass_light_004.ogg
9252d50bfb85edb17d6073c4a7806e10cdb9de56d3dbfc93a4b9727146d2df6d	8400	Audio/impactGlass_medium_000.ogg
d3d806cb3012c9ddd87010b30295ccb74d6d8b690077d19e67afd09a9d8feb03	8605	Audio/impactGlass_medium_001.ogg
48616f22c95589ed9fe55babf0fd012721d7b2ef1b9e85c2ad6408a2cd7c164f	8341	Audio/impactGlass_medium_002.ogg
dccea1ecc3d942ee5fd217c684632638f6c039c97cd3ae59c75ab15d0c3f0b59	8596	Audio/impactGlass_medium_003.ogg
853fe77ad46bd0cf106e40e741b039e15b90f73edecd92cde524fbad9e3ebe00	8397	Audio/impactGlass_medium_004.ogg
e07045693e4a2b3d165c424e3dab4c781d9ff8880a386880ac89a51315d7f831	6110	Audio/impactMetal_heavy_000.ogg
83554049f81f4db9209379e103c30bfa63f65c42189a03f300b045c2c82e23ae	7279	Audio/impactMetal_heavy_001.ogg
b914c8f1eb7c0f34bb165d7c77f4be0351f6be0660c13c53e65424e262e2c093	5634	Audio/impactMetal_heavy_002.ogg
b0f2ba4dabde9a87eb9c188a19d31e0c2300fd321adeba08d3b9b8aa011d7037	6209	Audio/impactMetal_heavy_003.ogg
6d65b463c0555dd5be16b8db6d2cbe23a94e07a4637779b8ad17d0db3e500a87	5788	Audio/impactMetal_heavy_004.ogg
33b5e6e37c6e9d54e07bf5a89b12c76e879f40c1ea83cdd82714df1d6f9fec6d	7651	Audio/impactMetal_light_000.ogg
fba69c467ddd85da7b1d82e259f936b876d9ba6a3d6f1b24bdd10468e46bfe08	6967	Audio/impactMetal_light_001.ogg
25a96f90a9a1f88a531e824e126f0519504625e5635e65a72e4f31611428db29	6804	Audio/impactMetal_light_002.ogg
92d5db6bfc672d9dc1b4f390b2900504f013187fa36335472554fafefa9050b1	9023	Audio/impactMetal_light_003.ogg
9b1c35820fba507081261f19ab5f461f69a5e2627a7d91acdb73ca3cfc997979	6675	Audio/impactMetal_light_004.ogg
a96f879fec0864a8938e0c745b6996a6c5679c16a234ce31a01cc995e8401003	7117	Audio/impactMetal_medium_000.ogg
e8a9eaba7c4d27422e4eeb3e6c7100d5d7dc0f83e005efc98c960adcc5265337	6151	Audio/impactMetal_medium_001.ogg
7e89ce2ca0dbda95ea2b78d4b50791cab35c10d20e9f5ccd45dd0b00e99ff548	5857	Audio/impactMetal_medium_002.ogg
2a185e2e57211d02c1bdd33b872d6b6a2fe83e6c14f4e56f426a95e717acf08e	6964	Audio/impactMetal_medium_003.ogg
03e10f800199c7166208e41c11cf4acfac6cc265467f02357da71972bc967295	5744	Audio/impactMetal_medium_004.ogg
36b4ea107222d073c67ca64dde26944975609202d5090b2f2021213c1a7e35cd	12035	Audio/impactMining_000.ogg
61235a18de3f3d92118235398222dbf51d448f1be70b1c8bc962b10b86f2d9c6	11481	Audio/impactMining_001.ogg
059558ec751115ca6b1441e00f0adc837c1a3eeb0a066b109e0fd879fc5d0b0c	11235	Audio/impactMining_002.ogg
4237fa2cd80364ad81cd0af44f67d7497f1c5edcc7bdb02cd22be2ba4580c83d	12160	Audio/impactMining_003.ogg
8ca3a99d85d845751ad8ce7b40509da58263a62e48cde70e5a30b5ccef4c9a3b	11668	Audio/impactMining_004.ogg
8403cd7a043f0391574c88c55dd205743725b5363d2407f6de145f201690b68f	12016	Audio/impactPlank_medium_000.ogg
d7c304319f8beac616231b62041fa8da74045b62d7155965516efb9b19303df4	12082	Audio/impactPlank_medium_001.ogg
f6a14da45994229676b4f29e6a35f504b5c2ec2b8166fb1a3b1aa004bc6911ef	12313	Audio/impactPlank_medium_002.ogg
0602a7b3eab5f53484f10fe775ee4204e7a2ba9703c886b302e012f7f6fab8de	12138	Audio/impactPlank_medium_003.ogg
6a51318c1c63821ea757622b57fafbf44c16c28129f6d39406a784260d87c447	12084	Audio/impactPlank_medium_004.ogg
112d4f93ddcc370b410630f971c0f5d991856102da9c76bc5c5540d388e75aaa	10032	Audio/impactPlate_heavy_000.ogg
142fd6c77f13d25f318265901163f70f8dfe12f87829169a570025be43de7011	8713	Audio/impactPlate_heavy_001.ogg
b0cab75d1befa32b4cf215d8ee7e1c400a39182e8b105963b8e310f825b198a1	10188	Audio/impactPlate_heavy_002.ogg
59775f8979a396c8a793b0a1db206d5bdc651eae808d858e9acaee8ebda5bc6d	8490	Audio/impactPlate_heavy_003.ogg
e31bfec90630155bcc6af541d1d14ae8202c435c52b42e6b6183fdb6ffb248b0	11092	Audio/impactPlate_heavy_004.ogg
6e797cf8a5bfc52d7ed5eb47c227974c1cf2a674954fec5b539cea7d62c7282c	10474	Audio/impactPlate_light_000.ogg
947915c2eb6ac57ee08fd3a48b297fd108d69abc72076e79882c21cad0eef56e	11730	Audio/impactPlate_light_001.ogg
8ac5869ea434cf0d364872774efe70b2d666a4f02ba35ddfc1e051d336721be8	9932	Audio/impactPlate_light_002.ogg
dbfb7c1d002576696df3e9a43d6639ee3f342068398b5e7b55bc2389d20508a9	10626	Audio/impactPlate_light_003.ogg
9cb33b0c0cce948313f078b60769d2f8e4075472494fc8f8129aa4a23c951897	11928	Audio/impactPlate_light_004.ogg
b670d30452983369771081319c268475edaaafe782bf4e8d70bd7eef09d8823c	10921	Audio/impactPlate_medium_000.ogg
68ba7701b71ef620f498f3038e832157d71ac8db7ad59424545890b250ceb24e	11491	Audio/impactPlate_medium_001.ogg
68762e1ed49bb59ae6602fad6ce2ebac61958478ddb2668de9106f010cd4b6b0	10250	Audio/impactPlate_medium_002.ogg
964c5fcfb91e7710e2af25c2243c8b7160756b223b0984bacc9eb25bfeea057b	11616	Audio/impactPlate_medium_003.ogg
f0e8164081190839caff6c2958361b22780ffba5617f77f2d4ee3a4275b318bf	10803	Audio/impactPlate_medium_004.ogg
b33a8f14068aec24ec69ba85e5e87fdc41228975f6a1a3e44a6e7d6fc3d9f8d8	11617	Audio/impactPunch_heavy_000.ogg
f92f5cb6ba4ff2766497292ffd90865654317eeca976f5652e0708dbdcdc0dd9	10861	Audio/impactPunch_heavy_001.ogg
7993dd4c156b9979ad69f17be5ebe31850b16039a3857f8477141be54dfee1b3	9025	Audio/impactPunch_heavy_002.ogg
4ab53b26f4ea575120dcc1348526c9e0db2afc6af7a442aa0489bdead2ca80b6	10029	Audio/impactPunch_heavy_003.ogg
f4c0c3eb8ab6517583b8218ed03f28923d1b687379aab4c1d5a6d4c10cf8e500	10452	Audio/impactPunch_heavy_004.ogg
486988aa2d6440ffc4c62a0e8ccf3c23673ba84424bd4723378d451b7255eb5c	8800	Audio/impactPunch_medium_000.ogg
e71d23abcc3f10d9d6bc9615b2a431fff70b12333a5fcdd9964457564ace4349	8701	Audio/impactPunch_medium_001.ogg
6492f9ccbc8d24dcef607bb1b48790b7870961474561f7fe5601e1c73a3018ef	10399	Audio/impactPunch_medium_002.ogg
2d7c719c05999e0532f4384e1018e04cd916db715140bf16dee2dff3f820e908	9509	Audio/impactPunch_medium_003.ogg
4a256878a3afb994ec9a4399336687748e68c7c136872c08c9c797d8c4e2464a	10032	Audio/impactPunch_medium_004.ogg
49e7ca88743fca974bb8676ea138b751cfd8f9033b5e7af8736c2a215d6edbc1	6570	Audio/impactSoft_heavy_000.ogg
4d0096364ba9e46119d2ff6df493fdc101bd2e1efae061da5e5f77a53b3fdcb6	6689	Audio/impactSoft_heavy_001.ogg
d130ae541951243d3f6ed963d0057450a445ffe117fbf9a084d34eb1635cb563	6749	Audio/impactSoft_heavy_002.ogg
d00286a2dc62ee5cb4d42bf56120e7050a855f69e655fc1294410aadd337eba3	6665	Audio/impactSoft_heavy_003.ogg
e008f0b6b14f62339c8fe9f9b45cbd6317ba4f66604c4899053b8017020a36f0	6478	Audio/impactSoft_heavy_004.ogg
7d3ba0bb5e60a11b5d3e558c141303dcf494256675fbf753c0d252d2cf0481e3	5351	Audio/impactSoft_medium_000.ogg
7642a4fd43e547afe4f7adfadb3dabb681c0ff512f52c1674bae30a726841faf	5506	Audio/impactSoft_medium_001.ogg
5069e3571a77d7f7aae9ef71d0364aa245fb7d64a7c8cc9956f221d03088c089	5358	Audio/impactSoft_medium_002.ogg
5c4a1f35fde7e14046931da7bc3d1b23736541b7190ba107e08a379c4ca43cd6	5392	Audio/impactSoft_medium_003.ogg
b0a4dea90eed47accf50b768beff1166f2f1486fb139e4d025b2427637624bca	5438	Audio/impactSoft_medium_004.ogg
f4bbee66ca191ec744b84fc07ac9ed2a6fda955d51cfed8360f12b62815d3cbd	6509	Audio/impactTin_medium_000.ogg
84253095543c094d83cd749f42ecfbc96e356b60385f18a192c18eafb25b3cc6	6603	Audio/impactTin_medium_001.ogg
c1d2c4f9910d4529581ae56a9a9a01454c4619fbb7d6da7616221d8ec58cc0c4	6156	Audio/impactTin_medium_002.ogg
0d18737d93ba7aa0669f751094cbc1671bbebac4fe207783922938ce75e24334	6541	Audio/impactTin_medium_003.ogg
fd53e24efec3d5c1cee5a46fee70f97efd4bd01e53ac5d9b5f3b6719dfe9f5aa	6362	Audio/impactTin_medium_004.ogg
15ff82332f342c30e469215539e1cc57e11b221aa2cf7e11e811d313a9927f3d	6233	Audio/impactWood_heavy_000.ogg
f1b07a53ac10c615fff9ba470511fdeb722b5902e1a8520759fc20ad6f546015	6239	Audio/impactWood_heavy_001.ogg
ce1e06f2a05f2634c645cb72f6a1623e64bc2d92be34917430a61031fb6597d4	6146	Audio/impactWood_heavy_002.ogg
af07511902b309b3f6d8f0e1fafbe93869127fb88099ebdc0aa6a00a98dc3cb0	6181	Audio/impactWood_heavy_003.ogg
2c647ae6bd29c72ae2523f7e16e325d8d331b75cc99ab4f637c48a0e11c34677	6253	Audio/impactWood_heavy_004.ogg
eb45e35b4bed784d3f120de4afec4b0d6ac09d9e143cce8cfcb7d739e1b1f3c3	6343	Audio/impactWood_light_000.ogg
4b76bf3ccc8e60d19188f3165b778a7817786faa6887c55d9049bcbeef3b425f	6373	Audio/impactWood_light_001.ogg
b183cf7a5bd783817e0e4b82af34ac6658fa1927049089dadc8b15c2ecc771dc	6366	Audio/impactWood_light_002.ogg
cdfbe8af2fe7ff9ee28f337a0a989deee0f327620da456c8413644880e9d0004	6381	Audio/impactWood_light_003.ogg
e10009f67ddaeb3a59a3e1129cfc1615d84ba60ab578eae07e7092ac223f099c	6395	Audio/impactWood_light_004.ogg
1723a9fd25103ed41af06054814e84e65f4a772bac86ab2dc927da93d9592ff5	6575	Audio/impactWood_medium_000.ogg
15271dbe8e2872dbb0ff1aeb7b12b2d2b92b7c1951c88532b9ab9158c36dfc73	6555	Audio/impactWood_medium_001.ogg
3f3f1917428b828f733a963167833c707bf88296ff158e1559c57c5cb813d799	6607	Audio/impactWood_medium_002.ogg
635c37cfcd854b187d643d450ff0397798dcc29ae94da32192b814fae6bd854c	6598	Audio/impactWood_medium_003.ogg
7ba48f2f99c91c71be420841a91f1e69c0cbc4fe887fcd7213144d67bb87b13a	6481	Audio/impactWood_medium_004.ogg
b49aa9c56b04528b95913de13e506a0f7c5e807b9925db9bfef86af1f91120db	608	License.txt
7a07e4c54a92f98000a79bf06699ccaeced2bf8545a2d863e53e4f66893a1e9e	6700	PACK-CONTENTS.txt
